run_started_at,request_id,interval_ms,started_at,ttfb_ms,status_code,error
2026-04-07T16:58:12.203Z,1,1000,2026-04-07T16:58:12.496Z,24,200,
2026-04-07T16:58:12.203Z,2,1000,2026-04-07T16:58:13.509Z,17,200,
2026-04-07T16:58:12.203Z,3,1000,2026-04-07T16:58:14.513Z,106,200,
2026-04-07T16:58:12.203Z,4,1000,2026-04-07T16:58:15.506Z,4,200,
2026-04-07T16:58:12.203Z,5,1000,2026-04-07T16:58:16.512Z,6,200,
2026-04-07T16:58:12.203Z,6,1000,2026-04-07T16:58:17.505Z,4,200,
2026-04-07T16:58:12.203Z,7,1000,2026-04-07T16:58:18.506Z,4,200,
2026-04-07T16:58:12.203Z,8,1000,2026-04-07T16:58:19.548Z,6,200,
2026-04-07T16:58:12.203Z,9,1000,2026-04-07T16:58:20.505Z,4,200,
2026-04-07T16:58:12.203Z,10,1000,2026-04-07T16:58:21.506Z,6,200,
2026-04-07T16:58:12.203Z,11,1000,2026-04-07T16:58:22.505Z,3,200,
2026-04-07T16:58:12.203Z,12,1000,2026-04-07T16:58:23.517Z,9,200,
2026-04-07T16:58:12.203Z,13,1000,2026-04-07T16:58:24.512Z,3,200,
2026-04-07T16:58:12.203Z,14,1000,2026-04-07T16:58:25.501Z,4,200,
2026-04-07T16:58:12.203Z,15,1000,2026-04-07T16:58:26.506Z,3,200,
2026-04-07T16:58:12.203Z,16,1000,2026-04-07T16:58:27.510Z,7,200,
2026-04-07T16:58:12.203Z,17,1000,2026-04-07T16:58:28.502Z,4,200,
2026-04-07T16:58:12.203Z,18,1000,2026-04-07T16:58:29.500Z,4,200,
2026-04-07T16:58:12.203Z,19,1000,2026-04-07T16:58:30.504Z,7,200,
2026-04-07T16:58:12.203Z,20,1000,2026-04-07T16:58:31.566Z,4,200,
2026-04-07T16:58:12.203Z,21,1000,2026-04-07T16:58:32.497Z,4,200,
2026-04-07T16:58:12.203Z,22,1000,2026-04-07T16:58:33.498Z,7,200,
2026-04-07T16:58:12.203Z,23,1000,2026-04-07T16:58:34.502Z,3,200,
2026-04-07T16:58:12.203Z,24,1000,2026-04-07T16:58:35.503Z,5,200,
2026-04-07T16:58:12.203Z,25,1000,2026-04-07T16:58:36.505Z,8,200,
2026-04-07T16:58:12.203Z,26,1000,2026-04-07T16:58:37.502Z,6,200,
2026-04-07T16:58:12.203Z,27,1000,2026-04-07T16:58:38.621Z,3,200,
2026-04-07T16:58:12.203Z,28,1000,2026-04-07T16:58:39.496Z,5,200,
2026-04-07T16:58:12.203Z,29,1000,2026-04-07T16:58:40.513Z,2,200,
2026-04-07T16:58:12.203Z,30,1000,2026-04-07T16:58:41.499Z,3,200,
2026-04-07T16:59:04.554Z,1,1000,2026-04-07T16:59:04.837Z,11,200,
2026-04-07T16:59:04.554Z,2,1000,2026-04-07T16:59:05.851Z,4,200,
2026-04-07T16:59:04.554Z,3,1000,2026-04-07T16:59:06.918Z,5,200,
2026-04-07T16:59:04.554Z,4,1000,2026-04-07T16:59:07.847Z,4,200,
2026-04-07T16:59:04.554Z,5,1000,2026-04-07T16:59:08.852Z,4,200,
2026-04-07T16:59:04.554Z,6,1000,2026-04-07T16:59:09.839Z,2,200,
2026-04-07T16:59:04.554Z,7,1000,2026-04-07T16:59:10.851Z,8,200,
2026-04-07T16:59:04.554Z,8,1000,2026-04-07T16:59:11.847Z,8,200,
2026-04-07T16:59:04.554Z,9,1000,2026-04-07T16:59:12.847Z,4,200,
2026-04-07T16:59:04.554Z,10,1000,2026-04-07T16:59:13.849Z,4,200,
2026-04-07T16:59:04.554Z,11,1000,2026-04-07T16:59:14.847Z,4,200,
2026-04-07T16:59:04.554Z,12,1000,2026-04-07T16:59:15.842Z,9,200,
2026-04-07T16:59:04.554Z,13,1000,2026-04-07T16:59:16.844Z,3,200,
2026-04-07T16:59:04.554Z,14,1000,2026-04-07T16:59:17.843Z,4,200,
2026-04-07T16:59:04.554Z,15,1000,2026-04-07T16:59:18.886Z,9,200,
2026-04-07T16:59:04.554Z,16,1000,2026-04-07T16:59:19.846Z,6,200,
2026-04-07T16:59:04.554Z,17,1000,2026-04-07T16:59:20.848Z,3,200,
2026-04-07T16:59:04.554Z,18,1000,2026-04-07T16:59:21.845Z,6,200,
2026-04-07T16:59:04.554Z,19,1000,2026-04-07T16:59:22.843Z,7,200,
2026-04-07T16:59:04.554Z,20,1000,2026-04-07T16:59:23.841Z,3,200,
2026-04-07T16:59:04.554Z,21,1000,2026-04-07T16:59:24.839Z,3,200,
2026-04-07T16:59:04.554Z,22,1000,2026-04-07T16:59:25.941Z,3,200,
2026-04-07T16:59:04.554Z,23,1000,2026-04-07T16:59:26.841Z,6,200,
2026-04-07T16:59:04.554Z,24,1000,2026-04-07T16:59:27.844Z,3,200,
2026-04-07T16:59:04.554Z,25,1000,2026-04-07T16:59:28.837Z,3,200,
2026-04-07T16:59:04.554Z,26,1000,2026-04-07T16:59:29.841Z,6,200,
2026-04-07T16:59:04.554Z,27,1000,2026-04-07T16:59:30.861Z,5,200,
2026-04-07T16:59:04.554Z,28,1000,2026-04-07T16:59:31.844Z,7,200,
2026-04-07T16:59:04.554Z,29,1000,2026-04-07T16:59:32.853Z,104,200,
2026-04-07T16:59:04.554Z,30,1000,2026-04-07T16:59:33.838Z,4,200,
2026-04-07T16:59:39.449Z,1,1000,2026-04-07T16:59:39.733Z,12,200,
2026-04-07T16:59:39.449Z,2,1000,2026-04-07T16:59:40.738Z,6,200,
2026-04-07T16:59:39.449Z,3,1000,2026-04-07T16:59:41.835Z,5,200,
2026-04-07T16:59:39.449Z,4,1000,2026-04-07T16:59:42.737Z,3,200,
2026-04-07T16:59:39.449Z,5,1000,2026-04-07T16:59:43.748Z,7,200,
2026-04-07T16:59:39.449Z,6,1000,2026-04-07T16:59:44.737Z,4,200,
2026-04-07T16:59:39.449Z,7,1000,2026-04-07T16:59:45.735Z,7,200,
2026-04-07T16:59:39.449Z,8,1000,2026-04-07T16:59:46.747Z,6,200,
2026-04-07T16:59:39.449Z,9,1000,2026-04-07T16:59:47.741Z,7,200,
2026-04-07T16:59:39.449Z,10,1000,2026-04-07T16:59:48.746Z,8,200,
2026-04-07T16:59:39.449Z,11,1000,2026-04-07T16:59:49.747Z,11,200,
2026-04-07T16:59:39.449Z,12,1000,2026-04-07T16:59:50.742Z,4,200,
2026-04-07T16:59:39.449Z,13,1000,2026-04-07T16:59:51.744Z,5,200,
2026-04-07T16:59:39.449Z,14,1000,2026-04-07T16:59:52.747Z,6,200,
2026-04-07T16:59:39.449Z,15,1000,2026-04-07T16:59:53.819Z,4,200,
2026-04-07T16:59:39.449Z,16,1000,2026-04-07T16:59:54.745Z,6,200,
2026-04-07T16:59:39.449Z,17,1000,2026-04-07T16:59:55.741Z,5,200,
2026-04-07T16:59:39.449Z,18,1000,2026-04-07T16:59:56.739Z,4,200,
2026-04-07T16:59:39.449Z,19,1000,2026-04-07T16:59:57.746Z,7,200,
2026-04-07T16:59:39.449Z,20,1000,2026-04-07T16:59:58.743Z,4,200,
2026-04-07T16:59:39.449Z,21,1000,2026-04-07T16:59:59.745Z,4,200,
2026-04-07T16:59:39.449Z,22,1000,2026-04-07T17:00:00.823Z,3,200,
2026-04-07T16:59:39.449Z,23,1000,2026-04-07T17:00:01.745Z,4,200,
2026-04-07T16:59:39.449Z,24,1000,2026-04-07T17:00:02.743Z,3,200,
2026-04-07T16:59:39.449Z,25,1000,2026-04-07T17:00:03.859Z,4,200,
2026-04-07T16:59:39.449Z,26,1000,2026-04-07T17:00:04.736Z,10,200,
2026-04-07T16:59:39.449Z,27,1000,2026-04-07T17:00:05.743Z,5,200,
2026-04-07T16:59:39.449Z,28,1000,2026-04-07T17:00:06.737Z,3,200,
2026-04-07T16:59:39.449Z,29,1000,2026-04-07T17:00:07.741Z,6,200,
2026-04-07T16:59:39.449Z,30,1000,2026-04-07T17:00:08.767Z,4,200,
2026-04-07T17:00:12.011Z,1,1000,2026-04-07T17:00:12.309Z,14,200,
2026-04-07T17:00:12.011Z,2,1000,2026-04-07T17:00:13.320Z,6,200,
2026-04-07T17:00:12.011Z,3,1000,2026-04-07T17:00:14.318Z,7,200,
2026-04-07T17:00:12.011Z,4,1000,2026-04-07T17:00:15.319Z,4,200,
2026-04-07T17:00:12.011Z,5,1000,2026-04-07T17:00:16.315Z,3,200,
2026-04-07T17:00:12.011Z,6,1000,2026-04-07T17:00:17.319Z,3,200,
2026-04-07T17:00:12.011Z,7,1000,2026-04-07T17:00:18.317Z,4,200,
2026-04-07T17:00:12.011Z,8,1000,2026-04-07T17:00:19.380Z,7,200,
2026-04-07T17:00:12.011Z,9,1000,2026-04-07T17:00:20.311Z,7,200,
2026-04-07T17:00:12.011Z,10,1000,2026-04-07T17:00:21.316Z,4,200,
2026-04-07T17:00:12.011Z,11,1000,2026-04-07T17:00:22.313Z,2,200,
2026-04-07T17:00:12.011Z,12,1000,2026-04-07T17:00:23.317Z,6,200,
2026-04-07T17:00:12.011Z,13,1000,2026-04-07T17:00:24.352Z,3,200,
2026-04-07T17:00:12.011Z,14,1000,2026-04-07T17:00:25.319Z,6,200,
2026-04-07T17:00:12.011Z,15,1000,2026-04-07T17:00:26.311Z,6,200,
2026-04-07T17:00:12.011Z,16,1000,2026-04-07T17:00:27.311Z,5,200,
2026-04-07T17:00:12.011Z,17,1000,2026-04-07T17:00:28.316Z,9,200,
2026-04-07T17:00:12.011Z,18,1000,2026-04-07T17:00:29.323Z,3,200,
2026-04-07T17:00:12.011Z,19,1000,2026-04-07T17:00:30.312Z,3,200,
2026-04-07T17:00:12.011Z,20,1000,2026-04-07T17:00:31.323Z,4,200,
2026-04-07T17:00:12.011Z,21,1000,2026-04-07T17:00:32.324Z,3,200,
2026-04-07T17:00:12.011Z,22,1000,2026-04-07T17:00:33.322Z,13,200,
2026-04-07T17:00:12.011Z,23,1000,2026-04-07T17:00:34.310Z,5,200,
2026-04-07T17:00:12.011Z,24,1000,2026-04-07T17:00:35.313Z,4,200,
2026-04-07T17:00:12.011Z,25,1000,2026-04-07T17:00:36.373Z,4,200,
2026-04-07T17:00:12.011Z,26,1000,2026-04-07T17:00:37.311Z,12,200,
2026-04-07T17:00:12.011Z,27,1000,2026-04-07T17:00:38.321Z,5,200,
2026-04-07T17:00:12.011Z,28,1000,2026-04-07T17:00:39.322Z,3,200,
2026-04-07T17:00:12.011Z,29,1000,2026-04-07T17:00:40.319Z,4,200,
2026-04-07T17:00:12.011Z,30,1000,2026-04-07T17:00:41.390Z,3,200,
2026-04-07T17:00:58.953Z,1,1000,2026-04-07T17:00:59.246Z,12,200,
2026-04-07T17:00:58.953Z,2,1000,2026-04-07T17:01:00.250Z,5,200,
2026-04-07T17:00:58.953Z,3,1000,2026-04-07T17:01:01.247Z,4,200,
2026-04-07T17:00:58.953Z,4,1000,2026-04-07T17:01:02.258Z,4,200,
2026-04-07T17:00:58.953Z,5,1000,2026-04-07T17:01:03.261Z,5,200,
2026-04-07T17:00:58.953Z,6,1000,2026-04-07T17:01:04.257Z,3,200,
2026-04-07T17:00:58.953Z,7,1000,2026-04-07T17:01:05.247Z,3,200,
2026-04-07T17:00:58.953Z,8,1000,2026-04-07T17:01:06.343Z,4,200,
2026-04-07T17:00:58.953Z,9,1000,2026-04-07T17:01:07.247Z,4,200,
2026-04-07T17:00:58.953Z,10,1000,2026-04-07T17:01:08.259Z,10,200,
2026-04-07T17:00:58.953Z,11,1000,2026-04-07T17:01:09.257Z,4,200,
2026-04-07T17:00:58.953Z,12,1000,2026-04-07T17:01:10.259Z,6,200,
2026-04-07T17:00:58.953Z,13,1000,2026-04-07T17:01:11.260Z,4,200,
2026-04-07T17:00:58.953Z,14,1000,2026-04-07T17:01:12.255Z,4,200,
2026-04-07T17:00:58.953Z,15,1000,2026-04-07T17:01:13.257Z,4,200,
2026-04-07T17:00:58.953Z,16,1000,2026-04-07T17:01:14.322Z,3,200,
2026-04-07T17:00:58.953Z,17,1000,2026-04-07T17:01:15.257Z,12,200,
2026-04-07T17:00:58.953Z,18,1000,2026-04-07T17:01:16.257Z,4,200,
2026-04-07T17:00:58.953Z,19,1000,2026-04-07T17:01:17.252Z,3,200,
2026-04-07T17:00:58.953Z,20,1000,2026-04-07T17:01:18.255Z,5,200,
2026-04-07T17:00:58.953Z,21,1000,2026-04-07T17:01:19.250Z,3,200,
2026-04-07T17:00:58.953Z,22,1000,2026-04-07T17:01:20.252Z,3,200,
2026-04-07T17:00:58.953Z,23,1000,2026-04-07T17:01:21.251Z,3,200,
2026-04-07T17:00:58.953Z,24,1000,2026-04-07T17:01:22.253Z,3,200,
2026-04-07T17:00:58.953Z,25,1000,2026-04-07T17:01:23.249Z,3,200,
2026-04-07T17:00:58.953Z,26,1000,2026-04-07T17:01:24.247Z,4,200,
2026-04-07T17:00:58.953Z,27,1000,2026-04-07T17:01:25.246Z,3,200,
2026-04-07T17:00:58.953Z,28,1000,2026-04-07T17:01:26.309Z,4,200,
2026-04-07T17:00:58.953Z,29,1000,2026-04-07T17:01:27.248Z,4,200,
2026-04-07T17:00:58.953Z,30,1000,2026-04-07T17:01:28.250Z,5,200,
2026-04-07T17:01:51.700Z,1,1000,2026-04-07T17:01:52.011Z,12,200,
2026-04-07T17:01:51.700Z,2,1000,2026-04-07T17:01:53.014Z,6,200,
2026-04-07T17:01:51.700Z,3,1000,2026-04-07T17:01:54.019Z,3,200,
2026-04-07T17:01:51.700Z,4,1000,2026-04-07T17:01:55.021Z,3,200,
2026-04-07T17:01:51.700Z,5,1000,2026-04-07T17:01:56.024Z,3,200,
2026-04-07T17:01:51.700Z,6,1000,2026-04-07T17:01:57.018Z,3,200,
2026-04-07T17:01:51.700Z,7,1000,2026-04-07T17:01:58.019Z,6,200,
2026-04-07T17:01:51.700Z,8,1000,2026-04-07T17:01:59.095Z,4,200,
2026-04-07T17:01:51.700Z,9,1000,2026-04-07T17:02:00.014Z,11,200,
2026-04-07T17:01:51.700Z,10,1000,2026-04-07T17:02:01.018Z,4,200,
2026-04-07T17:01:51.700Z,11,1000,2026-04-07T17:02:02.018Z,4,200,
2026-04-07T17:01:51.700Z,12,1000,2026-04-07T17:02:03.012Z,4,200,
2026-04-07T17:01:51.700Z,13,1000,2026-04-07T17:02:04.089Z,4,200,
2026-04-07T17:01:51.700Z,14,1000,2026-04-07T17:02:05.016Z,6,200,
2026-04-07T17:01:51.700Z,15,1000,2026-04-07T17:02:06.018Z,4,200,
2026-04-07T17:01:51.700Z,16,1000,2026-04-07T17:02:07.012Z,3,200,
2026-04-07T17:01:51.700Z,17,1000,2026-04-07T17:02:08.017Z,4,200,
2026-04-07T17:01:51.700Z,18,1000,2026-04-07T17:02:09.014Z,3,200,
2026-04-07T17:01:51.700Z,19,1000,2026-04-07T17:02:10.025Z,6,200,
2026-04-07T17:01:51.700Z,20,1000,2026-04-07T17:02:11.094Z,3,200,
2026-04-07T17:01:51.700Z,21,1000,2026-04-07T17:02:12.026Z,4,200,
2026-04-07T17:01:51.700Z,22,1000,2026-04-07T17:02:13.025Z,3,200,
2026-04-07T17:01:51.700Z,23,1000,2026-04-07T17:02:14.016Z,3,200,
2026-04-07T17:01:51.700Z,24,1000,2026-04-07T17:02:15.028Z,5,200,
2026-04-07T17:01:51.700Z,25,1000,2026-04-07T17:02:16.028Z,4,200,
2026-04-07T17:01:51.700Z,26,1000,2026-04-07T17:02:17.026Z,5,200,
2026-04-07T17:01:51.700Z,27,1000,2026-04-07T17:02:18.024Z,5,200,
2026-04-07T17:01:51.700Z,28,1000,2026-04-07T17:02:19.018Z,3,200,
2026-04-07T17:01:51.700Z,29,1000,2026-04-07T17:02:20.023Z,3,200,
2026-04-07T17:01:51.700Z,30,1000,2026-04-07T17:02:21.080Z,12,200,
2026-04-07T17:02:39.450Z,1,1000,2026-04-07T17:02:39.802Z,17,200,
2026-04-07T17:02:39.450Z,2,1000,2026-04-07T17:02:40.816Z,7,200,
2026-04-07T17:02:39.450Z,3,1000,2026-04-07T17:02:41.902Z,4,200,
2026-04-07T17:02:39.450Z,4,1000,2026-04-07T17:02:42.814Z,5,200,
2026-04-07T17:02:39.450Z,5,1000,2026-04-07T17:02:43.811Z,3,200,
2026-04-07T17:02:39.450Z,6,1000,2026-04-07T17:02:44.809Z,3,200,
2026-04-07T17:02:39.450Z,7,1000,2026-04-07T17:02:45.816Z,3,200,
2026-04-07T17:02:39.450Z,8,1000,2026-04-07T17:02:46.827Z,4,200,
2026-04-07T17:02:39.450Z,9,1000,2026-04-07T17:02:47.809Z,7,200,
2026-04-07T17:02:39.450Z,10,1000,2026-04-07T17:02:48.804Z,7,200,
2026-04-07T17:02:39.450Z,11,1000,2026-04-07T17:02:49.812Z,10,200,
2026-04-07T17:02:39.450Z,12,1000,2026-04-07T17:02:50.815Z,3,200,
2026-04-07T17:02:39.450Z,13,1000,2026-04-07T17:02:51.806Z,4,200,
2026-04-07T17:02:39.450Z,14,1000,2026-04-07T17:02:52.811Z,4,200,
2026-04-07T17:02:39.450Z,15,1000,2026-04-07T17:02:53.831Z,3,200,
2026-04-07T17:02:39.450Z,16,1000,2026-04-07T17:02:54.806Z,4,200,
2026-04-07T17:02:39.450Z,17,1000,2026-04-07T17:02:55.807Z,9,200,
2026-04-07T17:02:39.450Z,18,1000,2026-04-07T17:02:56.810Z,5,200,
2026-04-07T17:02:39.450Z,19,1000,2026-04-07T17:02:57.809Z,6,200,
2026-04-07T17:02:39.450Z,20,1000,2026-04-07T17:02:58.805Z,3,200,
2026-04-07T17:02:39.450Z,21,1000,2026-04-07T17:02:59.806Z,6,200,
2026-04-07T17:02:39.450Z,22,1000,2026-04-07T17:03:00.804Z,4,200,
2026-04-07T17:02:39.450Z,23,1000,2026-04-07T17:03:01.804Z,9,200,
2026-04-07T17:02:39.450Z,24,1000,2026-04-07T17:03:02.805Z,5,200,
2026-04-07T17:02:39.450Z,25,1000,2026-04-07T17:03:03.804Z,3,200,
2026-04-07T17:02:39.450Z,26,1000,2026-04-07T17:03:04.803Z,3,200,
2026-04-07T17:02:39.450Z,27,1000,2026-04-07T17:03:05.877Z,3,200,
2026-04-07T17:02:39.450Z,28,1000,2026-04-07T17:03:06.810Z,7,200,
2026-04-07T17:02:39.450Z,29,1000,2026-04-07T17:03:07.818Z,4,200,
2026-04-07T17:02:39.450Z,30,1000,2026-04-07T17:03:08.816Z,4,200,
2026-04-07T17:03:27.250Z,1,1000,2026-04-07T17:03:27.535Z,11,200,
2026-04-07T17:03:27.250Z,2,1000,2026-04-07T17:03:28.538Z,4,200,
2026-04-07T17:03:27.250Z,3,1000,2026-04-07T17:03:29.542Z,4,200,
2026-04-07T17:03:27.250Z,4,1000,2026-04-07T17:03:30.535Z,5,200,
2026-04-07T17:03:27.250Z,5,1000,2026-04-07T17:03:31.538Z,3,200,
2026-04-07T17:03:27.250Z,6,1000,2026-04-07T17:03:32.540Z,10,200,
2026-04-07T17:03:27.250Z,7,1000,2026-04-07T17:03:33.539Z,4,200,
2026-04-07T17:03:27.250Z,8,1000,2026-04-07T17:03:34.540Z,4,200,
2026-04-07T17:03:27.250Z,9,1000,2026-04-07T17:03:35.539Z,4,200,
2026-04-07T17:03:27.250Z,10,1000,2026-04-07T17:03:36.535Z,4,200,
2026-04-07T17:03:27.250Z,11,1000,2026-04-07T17:03:37.538Z,4,200,
2026-04-07T17:03:27.250Z,12,1000,2026-04-07T17:03:38.537Z,3,200,
2026-04-07T17:03:27.250Z,13,1000,2026-04-07T17:03:39.580Z,10,200,
2026-04-07T17:03:27.250Z,14,1000,2026-04-07T17:03:40.548Z,4,200,
2026-04-07T17:03:27.250Z,15,1000,2026-04-07T17:03:41.547Z,3,200,
2026-04-07T17:03:27.250Z,16,1000,2026-04-07T17:03:42.542Z,3,200,
2026-04-07T17:03:27.250Z,17,1000,2026-04-07T17:03:43.536Z,5,200,
2026-04-07T17:03:27.250Z,18,1000,2026-04-07T17:03:44.550Z,3,200,
2026-04-07T17:03:27.250Z,19,1000,2026-04-07T17:03:45.537Z,5,200,
2026-04-07T17:03:27.250Z,20,1000,2026-04-07T17:03:46.545Z,3,200,
2026-04-07T17:03:27.250Z,21,1000,2026-04-07T17:03:47.549Z,4,200,
2026-04-07T17:03:27.250Z,22,1000,2026-04-07T17:03:48.633Z,17,200,
2026-04-07T17:03:27.250Z,23,1000,2026-04-07T17:03:49.543Z,3,200,
2026-04-07T17:03:27.250Z,24,1000,2026-04-07T17:03:50.547Z,3,200,
2026-04-07T17:03:27.250Z,25,1000,2026-04-07T17:03:51.544Z,48,200,
2026-04-07T17:03:27.250Z,26,1000,2026-04-07T17:03:52.542Z,4,200,
2026-04-07T17:03:27.250Z,27,1000,2026-04-07T17:03:53.549Z,7,200,
2026-04-07T17:03:27.250Z,28,1000,2026-04-07T17:03:54.542Z,7,200,
2026-04-07T17:03:27.250Z,29,1000,2026-04-07T17:03:55.546Z,4,200,
2026-04-07T17:03:27.250Z,30,1000,2026-04-07T17:03:56.555Z,3,200,
2026-04-07T17:04:19.614Z,1,1000,2026-04-07T17:04:19.904Z,15,200,
2026-04-07T17:04:19.614Z,2,1000,2026-04-07T17:04:20.917Z,11,200,
2026-04-07T17:04:19.614Z,3,1000,2026-04-07T17:04:22.000Z,3,200,
2026-04-07T17:04:19.614Z,4,1000,2026-04-07T17:04:22.909Z,5,200,
2026-04-07T17:04:19.614Z,5,1000,2026-04-07T17:04:23.913Z,5,200,
2026-04-07T17:04:19.614Z,6,1000,2026-04-07T17:04:24.910Z,2,200,
2026-04-07T17:04:19.614Z,7,1000,2026-04-07T17:04:25.915Z,4,200,
2026-04-07T17:04:19.614Z,8,1000,2026-04-07T17:04:26.919Z,3,200,
2026-04-07T17:04:19.614Z,9,1000,2026-04-07T17:04:27.912Z,6,200,
2026-04-07T17:04:19.614Z,10,1000,2026-04-07T17:04:29.023Z,4,200,
2026-04-07T17:04:19.614Z,11,1000,2026-04-07T17:04:29.907Z,4,200,
2026-04-07T17:04:19.614Z,12,1000,2026-04-07T17:04:30.908Z,6,200,
2026-04-07T17:04:19.614Z,13,1000,2026-04-07T17:04:31.909Z,3,200,
2026-04-07T17:04:19.614Z,14,1000,2026-04-07T17:04:32.905Z,3,200,
2026-04-07T17:04:19.614Z,15,1000,2026-04-07T17:04:33.998Z,3,200,
2026-04-07T17:04:19.614Z,16,1000,2026-04-07T17:04:34.904Z,5,200,
2026-04-07T17:04:19.614Z,17,1000,2026-04-07T17:04:35.905Z,3,200,
2026-04-07T17:04:19.614Z,18,1000,2026-04-07T17:04:36.909Z,4,200,
2026-04-07T17:04:19.614Z,19,1000,2026-04-07T17:04:37.909Z,3,200,
2026-04-07T17:04:19.614Z,20,1000,2026-04-07T17:04:38.953Z,2,200,
2026-04-07T17:04:19.614Z,21,1000,2026-04-07T17:04:39.918Z,3,200,
2026-04-07T17:04:19.614Z,22,1000,2026-04-07T17:04:40.904Z,3,200,
2026-04-07T17:04:19.614Z,23,1000,2026-04-07T17:04:41.906Z,4,200,
2026-04-07T17:04:19.614Z,24,1000,2026-04-07T17:04:42.904Z,3,200,
2026-04-07T17:04:19.614Z,25,1000,2026-04-07T17:04:43.918Z,4,200,
2026-04-07T17:04:19.614Z,26,1000,2026-04-07T17:04:44.919Z,3,200,
2026-04-07T17:04:19.614Z,27,1000,2026-04-07T17:04:45.952Z,2,200,
2026-04-07T17:04:19.614Z,28,1000,2026-04-07T17:04:46.917Z,3,200,
2026-04-07T17:04:19.614Z,29,1000,2026-04-07T17:04:47.919Z,4,200,
2026-04-07T17:04:19.614Z,30,1000,2026-04-07T17:04:48.917Z,3,200,
2026-04-07T17:06:24.331Z,1,1000,2026-04-07T17:06:24.629Z,11,200,
2026-04-07T17:06:24.331Z,2,1000,2026-04-07T17:06:25.634Z,6,200,
2026-04-07T17:06:24.331Z,3,1000,2026-04-07T17:06:26.636Z,105,200,
2026-04-07T17:06:24.331Z,4,1000,2026-04-07T17:06:27.633Z,4,200,
2026-04-07T17:06:24.331Z,5,1000,2026-04-07T17:06:28.631Z,4,200,
2026-04-07T17:06:24.331Z,6,1000,2026-04-07T17:06:29.634Z,4,200,
2026-04-07T17:06:24.331Z,7,1000,2026-04-07T17:06:30.634Z,5,200,
2026-04-07T17:06:24.331Z,8,1000,2026-04-07T17:06:31.684Z,4,200,
2026-04-07T17:06:24.331Z,9,1000,2026-04-07T17:06:32.637Z,4,200,
2026-04-07T17:06:24.331Z,10,1000,2026-04-07T17:06:33.635Z,4,200,
2026-04-07T17:06:24.331Z,11,1000,2026-04-07T17:06:34.632Z,5,200,
2026-04-07T17:06:24.331Z,12,1000,2026-04-07T17:06:35.636Z,4,200,
2026-04-07T17:06:24.331Z,13,1000,2026-04-07T17:06:36.630Z,4,200,
2026-04-07T17:06:24.331Z,14,1000,2026-04-07T17:06:37.636Z,4,200,
2026-04-07T17:06:24.331Z,15,1000,2026-04-07T17:06:38.701Z,4,200,
2026-04-07T17:06:24.331Z,16,1000,2026-04-07T17:06:39.631Z,5,200,
2026-04-07T17:06:24.331Z,17,1000,2026-04-07T17:06:40.632Z,5,200,
2026-04-07T17:06:24.331Z,18,1000,2026-04-07T17:06:41.630Z,2,200,
2026-04-07T17:06:24.331Z,19,1000,2026-04-07T17:06:42.634Z,3,200,
2026-04-07T17:06:24.331Z,20,1000,2026-04-07T17:06:43.639Z,3,200,
2026-04-07T17:06:24.331Z,21,1000,2026-04-07T17:06:44.633Z,5,200,
2026-04-07T17:06:24.331Z,22,1000,2026-04-07T17:06:45.719Z,4,200,
2026-04-07T17:06:24.331Z,23,1000,2026-04-07T17:06:46.631Z,3,200,
2026-04-07T17:06:24.331Z,24,1000,2026-04-07T17:06:47.630Z,4,200,
2026-04-07T17:06:24.331Z,25,1000,2026-04-07T17:06:48.642Z,3,200,
2026-04-07T17:06:24.331Z,26,1000,2026-04-07T17:06:49.631Z,6,200,
2026-04-07T17:06:24.331Z,27,1000,2026-04-07T17:06:50.639Z,3,200,
2026-04-07T17:06:24.331Z,28,1000,2026-04-07T17:06:51.642Z,3,200,
2026-04-07T17:06:24.331Z,29,1000,2026-04-07T17:06:52.709Z,4,200,
2026-04-07T17:06:24.331Z,30,1000,2026-04-07T17:06:53.640Z,3,200,
