run_started_at,request_id,started_at,ttfb_ms,status_code,error
2026-04-07T18:15:58.001Z,1,2026-04-07T18:15:58.345Z,90,200,
2026-04-07T18:15:58.001Z,2,2026-04-07T18:15:58.351Z,85,200,
2026-04-07T18:15:58.001Z,3,2026-04-07T18:15:58.353Z,117,200,
2026-04-07T18:15:58.001Z,4,2026-04-07T18:15:58.353Z,114,200,
2026-04-07T18:15:58.001Z,5,2026-04-07T18:15:58.353Z,83,200,
2026-04-07T18:15:58.001Z,6,2026-04-07T18:15:58.353Z,80,200,
2026-04-07T18:15:58.001Z,7,2026-04-07T18:15:58.353Z,82,200,
2026-04-07T18:15:58.001Z,8,2026-04-07T18:15:58.353Z,115,200,
2026-04-07T18:15:58.001Z,9,2026-04-07T18:15:58.353Z,118,200,
2026-04-07T18:15:58.001Z,10,2026-04-07T18:15:58.353Z,84,200,
2026-04-07T18:15:58.001Z,11,2026-04-07T18:15:58.354Z,83,200,
2026-04-07T18:15:58.001Z,12,2026-04-07T18:15:58.354Z,82,200,
2026-04-07T18:15:58.001Z,13,2026-04-07T18:15:58.354Z,114,200,
2026-04-07T18:15:58.001Z,14,2026-04-07T18:15:58.354Z,116,200,
2026-04-07T18:15:58.001Z,15,2026-04-07T18:15:58.354Z,112,200,
2026-04-07T18:15:58.001Z,16,2026-04-07T18:15:58.354Z,83,200,
2026-04-07T18:15:58.001Z,17,2026-04-07T18:15:58.354Z,117,200,
2026-04-07T18:15:58.001Z,18,2026-04-07T18:15:58.354Z,115,200,
2026-04-07T18:15:58.001Z,19,2026-04-07T18:15:58.354Z,81,200,
2026-04-07T18:15:58.001Z,20,2026-04-07T18:15:58.355Z,110,200,
2026-04-07T18:15:58.001Z,21,2026-04-07T18:15:58.355Z,113,200,
2026-04-07T18:15:58.001Z,22,2026-04-07T18:15:58.355Z,112,200,
2026-04-07T18:15:58.001Z,23,2026-04-07T18:15:58.355Z,81,200,
2026-04-07T18:15:58.001Z,24,2026-04-07T18:15:58.355Z,114,200,
2026-04-07T18:15:58.001Z,25,2026-04-07T18:15:58.355Z,81,200,
2026-04-07T18:15:58.001Z,26,2026-04-07T18:15:58.355Z,114,200,
2026-04-07T18:15:58.001Z,27,2026-04-07T18:15:58.355Z,109,200,
2026-04-07T18:15:58.001Z,28,2026-04-07T18:15:58.355Z,115,200,
2026-04-07T18:15:58.001Z,29,2026-04-07T18:15:58.355Z,116,200,
2026-04-07T18:15:58.001Z,30,2026-04-07T18:15:58.355Z,116,200,
2026-04-07T18:15:58.001Z,31,2026-04-07T18:15:58.355Z,114,200,
2026-04-07T18:15:58.001Z,32,2026-04-07T18:15:58.355Z,82,200,
2026-04-07T18:15:58.001Z,33,2026-04-07T18:15:58.355Z,115,200,
2026-04-07T18:15:58.001Z,34,2026-04-07T18:15:58.355Z,115,200,
2026-04-07T18:15:58.001Z,35,2026-04-07T18:15:58.355Z,113,200,
2026-04-07T18:15:58.001Z,36,2026-04-07T18:15:58.356Z,110,200,
2026-04-07T18:15:58.001Z,37,2026-04-07T18:15:58.356Z,111,200,
2026-04-07T18:15:58.001Z,38,2026-04-07T18:15:58.356Z,113,200,
2026-04-07T18:15:58.001Z,39,2026-04-07T18:15:58.356Z,113,200,
2026-04-07T18:15:58.001Z,40,2026-04-07T18:15:58.356Z,109,200,
2026-04-07T18:15:58.001Z,41,2026-04-07T18:15:58.356Z,115,200,
2026-04-07T18:15:58.001Z,42,2026-04-07T18:15:58.356Z,115,200,
2026-04-07T18:15:58.001Z,43,2026-04-07T18:15:58.356Z,115,200,
2026-04-07T18:15:58.001Z,44,2026-04-07T18:15:58.356Z,116,200,
2026-04-07T18:15:58.001Z,45,2026-04-07T18:15:58.356Z,114,200,
2026-04-07T18:15:58.001Z,46,2026-04-07T18:15:58.356Z,115,200,
2026-04-07T18:15:58.001Z,47,2026-04-07T18:15:58.356Z,114,200,
2026-04-07T18:15:58.001Z,48,2026-04-07T18:15:58.356Z,115,200,
2026-04-07T18:15:58.001Z,49,2026-04-07T18:15:58.356Z,115,200,
2026-04-07T18:15:58.001Z,50,2026-04-07T18:15:58.356Z,113,200,
2026-04-07T18:16:12.651Z,1,2026-04-07T18:16:12.988Z,47,200,
2026-04-07T18:16:12.651Z,2,2026-04-07T18:16:12.994Z,42,200,
2026-04-07T18:16:12.651Z,3,2026-04-07T18:16:12.995Z,40,200,
2026-04-07T18:16:12.651Z,4,2026-04-07T18:16:12.995Z,41,200,
2026-04-07T18:16:12.651Z,5,2026-04-07T18:16:12.995Z,43,200,
2026-04-07T18:16:12.651Z,6,2026-04-07T18:16:12.995Z,36,200,
2026-04-07T18:16:12.651Z,7,2026-04-07T18:16:12.995Z,44,200,
2026-04-07T18:16:12.651Z,8,2026-04-07T18:16:12.996Z,42,200,
2026-04-07T18:16:12.651Z,9,2026-04-07T18:16:12.996Z,37,200,
2026-04-07T18:16:12.651Z,10,2026-04-07T18:16:12.996Z,38,200,
2026-04-07T18:16:12.651Z,11,2026-04-07T18:16:12.996Z,37,200,
2026-04-07T18:16:12.651Z,12,2026-04-07T18:16:12.996Z,41,200,
2026-04-07T18:16:12.651Z,13,2026-04-07T18:16:12.996Z,41,200,
2026-04-07T18:16:12.651Z,14,2026-04-07T18:16:12.996Z,42,200,
2026-04-07T18:16:12.651Z,15,2026-04-07T18:16:12.996Z,44,200,
2026-04-07T18:16:12.651Z,16,2026-04-07T18:16:12.996Z,42,200,
2026-04-07T18:16:12.651Z,17,2026-04-07T18:16:12.996Z,46,200,
2026-04-07T18:16:12.651Z,18,2026-04-07T18:16:12.996Z,42,200,
2026-04-07T18:16:12.651Z,19,2026-04-07T18:16:12.996Z,42,200,
2026-04-07T18:16:12.651Z,20,2026-04-07T18:16:12.996Z,43,200,
2026-04-07T18:16:12.651Z,21,2026-04-07T18:16:12.997Z,41,200,
2026-04-07T18:16:12.651Z,22,2026-04-07T18:16:12.997Z,42,200,
2026-04-07T18:16:12.651Z,23,2026-04-07T18:16:12.997Z,42,200,
2026-04-07T18:16:12.651Z,24,2026-04-07T18:16:12.997Z,43,200,
2026-04-07T18:16:12.651Z,25,2026-04-07T18:16:12.997Z,44,200,
2026-04-07T18:16:12.651Z,26,2026-04-07T18:16:12.997Z,44,200,
2026-04-07T18:16:12.651Z,27,2026-04-07T18:16:12.997Z,44,200,
2026-04-07T18:16:12.651Z,28,2026-04-07T18:16:12.997Z,44,200,
2026-04-07T18:16:12.651Z,29,2026-04-07T18:16:12.997Z,45,200,
2026-04-07T18:16:12.651Z,30,2026-04-07T18:16:12.997Z,44,200,
2026-04-07T18:16:12.651Z,31,2026-04-07T18:16:12.997Z,45,200,
2026-04-07T18:16:12.651Z,32,2026-04-07T18:16:12.997Z,45,200,
2026-04-07T18:16:12.651Z,33,2026-04-07T18:16:12.997Z,43,200,
2026-04-07T18:16:12.651Z,34,2026-04-07T18:16:12.997Z,43,200,
2026-04-07T18:16:12.651Z,35,2026-04-07T18:16:12.997Z,45,200,
2026-04-07T18:16:12.651Z,36,2026-04-07T18:16:12.997Z,45,200,
2026-04-07T18:16:12.651Z,37,2026-04-07T18:16:12.997Z,42,200,
2026-04-07T18:16:12.651Z,38,2026-04-07T18:16:12.997Z,42,200,
2026-04-07T18:16:12.651Z,39,2026-04-07T18:16:12.998Z,44,200,
2026-04-07T18:16:12.651Z,40,2026-04-07T18:16:12.998Z,41,200,
2026-04-07T18:16:12.651Z,41,2026-04-07T18:16:12.998Z,41,200,
2026-04-07T18:16:12.651Z,42,2026-04-07T18:16:12.998Z,43,200,
2026-04-07T18:16:12.651Z,43,2026-04-07T18:16:12.998Z,41,200,
2026-04-07T18:16:12.651Z,44,2026-04-07T18:16:12.998Z,43,200,
2026-04-07T18:16:12.651Z,45,2026-04-07T18:16:12.998Z,43,200,
2026-04-07T18:16:12.651Z,46,2026-04-07T18:16:12.998Z,42,200,
2026-04-07T18:16:12.651Z,47,2026-04-07T18:16:12.998Z,41,200,
2026-04-07T18:16:12.651Z,48,2026-04-07T18:16:12.998Z,42,200,
2026-04-07T18:16:12.651Z,49,2026-04-07T18:16:12.998Z,44,200,
2026-04-07T18:16:12.651Z,50,2026-04-07T18:16:12.998Z,43,200,
2026-04-07T18:16:19.582Z,1,2026-04-07T18:16:19.907Z,48,200,
2026-04-07T18:16:19.582Z,2,2026-04-07T18:16:19.914Z,38,200,
2026-04-07T18:16:19.582Z,3,2026-04-07T18:16:19.915Z,43,200,
2026-04-07T18:16:19.582Z,4,2026-04-07T18:16:19.915Z,39,200,
2026-04-07T18:16:19.582Z,5,2026-04-07T18:16:19.915Z,39,200,
2026-04-07T18:16:19.582Z,6,2026-04-07T18:16:19.915Z,42,200,
2026-04-07T18:16:19.582Z,7,2026-04-07T18:16:19.915Z,43,200,
2026-04-07T18:16:19.582Z,8,2026-04-07T18:16:19.915Z,43,200,
2026-04-07T18:16:19.582Z,9,2026-04-07T18:16:19.916Z,42,200,
2026-04-07T18:16:19.582Z,10,2026-04-07T18:16:19.916Z,41,200,
2026-04-07T18:16:19.582Z,11,2026-04-07T18:16:19.916Z,40,200,
2026-04-07T18:16:19.582Z,12,2026-04-07T18:16:19.916Z,39,200,
2026-04-07T18:16:19.582Z,13,2026-04-07T18:16:19.916Z,40,200,
2026-04-07T18:16:19.582Z,14,2026-04-07T18:16:19.916Z,43,200,
2026-04-07T18:16:19.582Z,15,2026-04-07T18:16:19.916Z,46,200,
2026-04-07T18:16:19.582Z,16,2026-04-07T18:16:19.916Z,41,200,
2026-04-07T18:16:19.582Z,17,2026-04-07T18:16:19.916Z,44,200,
2026-04-07T18:16:19.582Z,18,2026-04-07T18:16:19.916Z,43,200,
2026-04-07T18:16:19.582Z,19,2026-04-07T18:16:19.916Z,44,200,
2026-04-07T18:16:19.582Z,20,2026-04-07T18:16:19.916Z,43,200,
2026-04-07T18:16:19.582Z,21,2026-04-07T18:16:19.916Z,42,200,
2026-04-07T18:16:19.582Z,22,2026-04-07T18:16:19.917Z,42,200,
2026-04-07T18:16:19.582Z,23,2026-04-07T18:16:19.917Z,45,200,
2026-04-07T18:16:19.582Z,24,2026-04-07T18:16:19.917Z,45,200,
2026-04-07T18:16:19.582Z,25,2026-04-07T18:16:19.917Z,45,200,
2026-04-07T18:16:19.582Z,26,2026-04-07T18:16:19.917Z,44,200,
2026-04-07T18:16:19.582Z,27,2026-04-07T18:16:19.917Z,45,200,
2026-04-07T18:16:19.582Z,28,2026-04-07T18:16:19.917Z,43,200,
2026-04-07T18:16:19.582Z,29,2026-04-07T18:16:19.917Z,44,200,
2026-04-07T18:16:19.582Z,30,2026-04-07T18:16:19.917Z,42,200,
2026-04-07T18:16:19.582Z,31,2026-04-07T18:16:19.917Z,44,200,
2026-04-07T18:16:19.582Z,32,2026-04-07T18:16:19.917Z,43,200,
2026-04-07T18:16:19.582Z,33,2026-04-07T18:16:19.917Z,43,200,
2026-04-07T18:16:19.582Z,34,2026-04-07T18:16:19.917Z,42,200,
2026-04-07T18:16:19.582Z,35,2026-04-07T18:16:19.917Z,42,200,
2026-04-07T18:16:19.582Z,36,2026-04-07T18:16:19.917Z,45,200,
2026-04-07T18:16:19.582Z,37,2026-04-07T18:16:19.917Z,44,200,
2026-04-07T18:16:19.582Z,38,2026-04-07T18:16:19.917Z,45,200,
2026-04-07T18:16:19.582Z,39,2026-04-07T18:16:19.917Z,43,200,
2026-04-07T18:16:19.582Z,40,2026-04-07T18:16:19.917Z,42,200,
2026-04-07T18:16:19.582Z,41,2026-04-07T18:16:19.917Z,43,200,
2026-04-07T18:16:19.582Z,42,2026-04-07T18:16:19.918Z,42,200,
2026-04-07T18:16:19.582Z,43,2026-04-07T18:16:19.918Z,44,200,
2026-04-07T18:16:19.582Z,44,2026-04-07T18:16:19.918Z,44,200,
2026-04-07T18:16:19.582Z,45,2026-04-07T18:16:19.918Z,43,200,
2026-04-07T18:16:19.582Z,46,2026-04-07T18:16:19.918Z,43,200,
2026-04-07T18:16:19.582Z,47,2026-04-07T18:16:19.918Z,40,200,
2026-04-07T18:16:19.582Z,48,2026-04-07T18:16:19.918Z,44,200,
2026-04-07T18:16:19.582Z,49,2026-04-07T18:16:19.918Z,44,200,
2026-04-07T18:16:19.582Z,50,2026-04-07T18:16:19.918Z,43,200,
2026-04-07T18:16:21.327Z,1,2026-04-07T18:16:21.575Z,53,200,
2026-04-07T18:16:21.327Z,2,2026-04-07T18:16:21.582Z,48,200,
2026-04-07T18:16:21.327Z,3,2026-04-07T18:16:21.583Z,46,200,
2026-04-07T18:16:21.327Z,4,2026-04-07T18:16:21.583Z,50,200,
2026-04-07T18:16:21.327Z,5,2026-04-07T18:16:21.583Z,45,200,
2026-04-07T18:16:21.327Z,6,2026-04-07T18:16:21.583Z,49,200,
2026-04-07T18:16:21.327Z,7,2026-04-07T18:16:21.583Z,49,200,
2026-04-07T18:16:21.327Z,8,2026-04-07T18:16:21.583Z,41,200,
2026-04-07T18:16:21.327Z,9,2026-04-07T18:16:21.584Z,45,200,
2026-04-07T18:16:21.327Z,10,2026-04-07T18:16:21.584Z,47,200,
2026-04-07T18:16:21.327Z,11,2026-04-07T18:16:21.584Z,47,200,
2026-04-07T18:16:21.327Z,12,2026-04-07T18:16:21.584Z,51,200,
2026-04-07T18:16:21.327Z,13,2026-04-07T18:16:21.584Z,43,200,
2026-04-07T18:16:21.327Z,14,2026-04-07T18:16:21.584Z,48,200,
2026-04-07T18:16:21.327Z,15,2026-04-07T18:16:21.584Z,47,200,
2026-04-07T18:16:21.327Z,16,2026-04-07T18:16:21.584Z,45,200,
2026-04-07T18:16:21.327Z,17,2026-04-07T18:16:21.584Z,48,200,
2026-04-07T18:16:21.327Z,18,2026-04-07T18:16:21.584Z,49,200,
2026-04-07T18:16:21.327Z,19,2026-04-07T18:16:21.584Z,49,200,
2026-04-07T18:16:21.327Z,20,2026-04-07T18:16:21.585Z,47,200,
2026-04-07T18:16:21.327Z,21,2026-04-07T18:16:21.585Z,48,200,
2026-04-07T18:16:21.327Z,22,2026-04-07T18:16:21.585Z,47,200,
2026-04-07T18:16:21.327Z,23,2026-04-07T18:16:21.585Z,47,200,
2026-04-07T18:16:21.327Z,24,2026-04-07T18:16:21.585Z,50,200,
2026-04-07T18:16:21.327Z,25,2026-04-07T18:16:21.585Z,50,200,
2026-04-07T18:16:21.327Z,26,2026-04-07T18:16:21.585Z,51,200,
2026-04-07T18:16:21.327Z,27,2026-04-07T18:16:21.585Z,48,200,
2026-04-07T18:16:21.327Z,28,2026-04-07T18:16:21.585Z,46,200,
2026-04-07T18:16:21.327Z,29,2026-04-07T18:16:21.585Z,46,200,
2026-04-07T18:16:21.327Z,30,2026-04-07T18:16:21.585Z,45,200,
2026-04-07T18:16:21.327Z,31,2026-04-07T18:16:21.585Z,46,200,
2026-04-07T18:16:21.327Z,32,2026-04-07T18:16:21.586Z,48,200,
2026-04-07T18:16:21.327Z,33,2026-04-07T18:16:21.586Z,48,200,
2026-04-07T18:16:21.327Z,34,2026-04-07T18:16:21.586Z,49,200,
2026-04-07T18:16:21.327Z,35,2026-04-07T18:16:21.586Z,49,200,
2026-04-07T18:16:21.327Z,36,2026-04-07T18:16:21.586Z,50,200,
2026-04-07T18:16:21.327Z,37,2026-04-07T18:16:21.586Z,49,200,
2026-04-07T18:16:21.327Z,38,2026-04-07T18:16:21.586Z,49,200,
2026-04-07T18:16:21.327Z,39,2026-04-07T18:16:21.586Z,49,200,
2026-04-07T18:16:21.327Z,40,2026-04-07T18:16:21.586Z,47,200,
2026-04-07T18:16:21.327Z,41,2026-04-07T18:16:21.586Z,47,200,
2026-04-07T18:16:21.327Z,42,2026-04-07T18:16:21.586Z,47,200,
2026-04-07T18:16:21.327Z,43,2026-04-07T18:16:21.586Z,48,200,
2026-04-07T18:16:21.327Z,44,2026-04-07T18:16:21.586Z,48,200,
2026-04-07T18:16:21.327Z,45,2026-04-07T18:16:21.586Z,50,200,
2026-04-07T18:16:21.327Z,46,2026-04-07T18:16:21.586Z,47,200,
2026-04-07T18:16:21.327Z,47,2026-04-07T18:16:21.586Z,49,200,
2026-04-07T18:16:21.327Z,48,2026-04-07T18:16:21.586Z,50,200,
2026-04-07T18:16:21.327Z,49,2026-04-07T18:16:21.586Z,50,200,
2026-04-07T18:16:21.327Z,50,2026-04-07T18:16:21.586Z,50,200,
2026-04-07T18:16:25.336Z,1,2026-04-07T18:16:25.569Z,59,200,
2026-04-07T18:16:25.336Z,2,2026-04-07T18:16:25.577Z,50,200,
2026-04-07T18:16:25.336Z,3,2026-04-07T18:16:25.578Z,54,200,
2026-04-07T18:16:25.336Z,4,2026-04-07T18:16:25.578Z,53,200,
2026-04-07T18:16:25.336Z,5,2026-04-07T18:16:25.579Z,48,200,
2026-04-07T18:16:25.336Z,6,2026-04-07T18:16:25.579Z,45,200,
2026-04-07T18:16:25.336Z,7,2026-04-07T18:16:25.579Z,49,200,
2026-04-07T18:16:25.336Z,8,2026-04-07T18:16:25.579Z,57,200,
2026-04-07T18:16:25.336Z,9,2026-04-07T18:16:25.579Z,50,200,
2026-04-07T18:16:25.336Z,10,2026-04-07T18:16:25.580Z,56,200,
2026-04-07T18:16:25.336Z,11,2026-04-07T18:16:25.580Z,50,200,
2026-04-07T18:16:25.336Z,12,2026-04-07T18:16:25.580Z,56,200,
2026-04-07T18:16:25.336Z,13,2026-04-07T18:16:25.580Z,56,200,
2026-04-07T18:16:25.336Z,14,2026-04-07T18:16:25.580Z,56,200,
2026-04-07T18:16:25.336Z,15,2026-04-07T18:16:25.582Z,54,200,
2026-04-07T18:16:25.336Z,16,2026-04-07T18:16:25.583Z,47,200,
2026-04-07T18:16:25.336Z,17,2026-04-07T18:16:25.583Z,46,200,
2026-04-07T18:16:25.336Z,18,2026-04-07T18:16:25.583Z,48,200,
2026-04-07T18:16:25.336Z,19,2026-04-07T18:16:25.583Z,47,200,
2026-04-07T18:16:25.336Z,20,2026-04-07T18:16:25.583Z,46,200,
2026-04-07T18:16:25.336Z,21,2026-04-07T18:16:25.584Z,45,200,
2026-04-07T18:16:25.336Z,22,2026-04-07T18:16:25.584Z,47,200,
2026-04-07T18:16:25.336Z,23,2026-04-07T18:16:25.584Z,53,200,
2026-04-07T18:16:25.336Z,24,2026-04-07T18:16:25.584Z,52,200,
2026-04-07T18:16:25.336Z,25,2026-04-07T18:16:25.584Z,47,200,
2026-04-07T18:16:25.336Z,26,2026-04-07T18:16:25.584Z,47,200,
2026-04-07T18:16:25.336Z,27,2026-04-07T18:16:25.584Z,53,200,
2026-04-07T18:16:25.336Z,28,2026-04-07T18:16:25.584Z,52,200,
2026-04-07T18:16:25.336Z,29,2026-04-07T18:16:25.584Z,53,200,
2026-04-07T18:16:25.336Z,30,2026-04-07T18:16:25.584Z,52,200,
2026-04-07T18:16:25.336Z,31,2026-04-07T18:16:25.584Z,53,200,
2026-04-07T18:16:25.336Z,32,2026-04-07T18:16:25.585Z,48,200,
2026-04-07T18:16:25.336Z,33,2026-04-07T18:16:25.585Z,49,200,
2026-04-07T18:16:25.336Z,34,2026-04-07T18:16:25.585Z,49,200,
2026-04-07T18:16:25.336Z,35,2026-04-07T18:16:25.585Z,52,200,
2026-04-07T18:16:25.336Z,36,2026-04-07T18:16:25.585Z,52,200,
2026-04-07T18:16:25.336Z,37,2026-04-07T18:16:25.585Z,49,200,
2026-04-07T18:16:25.336Z,38,2026-04-07T18:16:25.585Z,50,200,
2026-04-07T18:16:25.336Z,39,2026-04-07T18:16:25.585Z,50,200,
2026-04-07T18:16:25.336Z,40,2026-04-07T18:16:25.585Z,48,200,
2026-04-07T18:16:25.336Z,41,2026-04-07T18:16:25.585Z,49,200,
2026-04-07T18:16:25.336Z,42,2026-04-07T18:16:25.586Z,47,200,
2026-04-07T18:16:25.336Z,43,2026-04-07T18:16:25.586Z,48,200,
2026-04-07T18:16:25.336Z,44,2026-04-07T18:16:25.586Z,51,200,
2026-04-07T18:16:25.336Z,45,2026-04-07T18:16:25.586Z,49,200,
2026-04-07T18:16:25.336Z,46,2026-04-07T18:16:25.586Z,49,200,
2026-04-07T18:16:25.336Z,47,2026-04-07T18:16:25.586Z,49,200,
2026-04-07T18:16:25.336Z,48,2026-04-07T18:16:25.586Z,49,200,
2026-04-07T18:16:25.336Z,49,2026-04-07T18:16:25.586Z,50,200,
2026-04-07T18:16:25.336Z,50,2026-04-07T18:16:25.586Z,50,200,
2026-04-07T18:16:36.400Z,1,2026-04-07T18:16:36.621Z,52,200,
2026-04-07T18:16:36.400Z,2,2026-04-07T18:16:36.629Z,47,200,
2026-04-07T18:16:36.400Z,3,2026-04-07T18:16:36.630Z,40,200,
2026-04-07T18:16:36.400Z,4,2026-04-07T18:16:36.630Z,48,200,
2026-04-07T18:16:36.400Z,5,2026-04-07T18:16:36.630Z,44,200,
2026-04-07T18:16:36.400Z,6,2026-04-07T18:16:36.630Z,45,200,
2026-04-07T18:16:36.400Z,7,2026-04-07T18:16:36.630Z,44,200,
2026-04-07T18:16:36.400Z,8,2026-04-07T18:16:36.631Z,44,200,
2026-04-07T18:16:36.400Z,9,2026-04-07T18:16:36.631Z,44,200,
2026-04-07T18:16:36.400Z,10,2026-04-07T18:16:36.631Z,45,200,
2026-04-07T18:16:36.400Z,11,2026-04-07T18:16:36.631Z,46,200,
2026-04-07T18:16:36.400Z,12,2026-04-07T18:16:36.631Z,46,200,
2026-04-07T18:16:36.400Z,13,2026-04-07T18:16:36.631Z,47,200,
2026-04-07T18:16:36.400Z,14,2026-04-07T18:16:36.631Z,45,200,
2026-04-07T18:16:36.400Z,15,2026-04-07T18:16:36.631Z,47,200,
2026-04-07T18:16:36.400Z,16,2026-04-07T18:16:36.631Z,46,200,
2026-04-07T18:16:36.400Z,17,2026-04-07T18:16:36.631Z,46,200,
2026-04-07T18:16:36.400Z,18,2026-04-07T18:16:36.631Z,49,200,
2026-04-07T18:16:36.400Z,19,2026-04-07T18:16:36.631Z,49,200,
2026-04-07T18:16:36.400Z,20,2026-04-07T18:16:36.632Z,49,200,
2026-04-07T18:16:36.400Z,21,2026-04-07T18:16:36.632Z,48,200,
2026-04-07T18:16:36.400Z,22,2026-04-07T18:16:36.632Z,46,200,
2026-04-07T18:16:36.400Z,23,2026-04-07T18:16:36.632Z,48,200,
2026-04-07T18:16:36.400Z,24,2026-04-07T18:16:36.632Z,48,200,
2026-04-07T18:16:36.400Z,25,2026-04-07T18:16:36.632Z,48,200,
2026-04-07T18:16:36.400Z,26,2026-04-07T18:16:36.632Z,45,200,
2026-04-07T18:16:36.400Z,27,2026-04-07T18:16:36.632Z,49,200,
2026-04-07T18:16:36.400Z,28,2026-04-07T18:16:36.632Z,49,200,
2026-04-07T18:16:36.400Z,29,2026-04-07T18:16:36.632Z,46,200,
2026-04-07T18:16:36.400Z,30,2026-04-07T18:16:36.632Z,46,200,
2026-04-07T18:16:36.400Z,31,2026-04-07T18:16:36.632Z,46,200,
2026-04-07T18:16:36.400Z,32,2026-04-07T18:16:36.632Z,46,200,
2026-04-07T18:16:36.400Z,33,2026-04-07T18:16:36.632Z,49,200,
2026-04-07T18:16:36.400Z,34,2026-04-07T18:16:36.632Z,49,200,
2026-04-07T18:16:36.400Z,35,2026-04-07T18:16:36.632Z,49,200,
2026-04-07T18:16:36.400Z,36,2026-04-07T18:16:36.632Z,47,200,
2026-04-07T18:16:36.400Z,37,2026-04-07T18:16:36.633Z,45,200,
2026-04-07T18:16:36.400Z,38,2026-04-07T18:16:36.633Z,46,200,
2026-04-07T18:16:36.400Z,39,2026-04-07T18:16:36.633Z,46,200,
2026-04-07T18:16:36.400Z,40,2026-04-07T18:16:36.633Z,45,200,
2026-04-07T18:16:36.400Z,41,2026-04-07T18:16:36.633Z,45,200,
2026-04-07T18:16:36.400Z,42,2026-04-07T18:16:36.633Z,46,200,
2026-04-07T18:16:36.400Z,43,2026-04-07T18:16:36.633Z,45,200,
2026-04-07T18:16:36.400Z,44,2026-04-07T18:16:36.633Z,46,200,
2026-04-07T18:16:36.400Z,45,2026-04-07T18:16:36.633Z,46,200,
2026-04-07T18:16:36.400Z,46,2026-04-07T18:16:36.633Z,47,200,
2026-04-07T18:16:36.400Z,47,2026-04-07T18:16:36.633Z,45,200,
2026-04-07T18:16:36.400Z,48,2026-04-07T18:16:36.633Z,48,200,
2026-04-07T18:16:36.400Z,49,2026-04-07T18:16:36.633Z,48,200,
2026-04-07T18:16:36.400Z,50,2026-04-07T18:16:36.633Z,48,200,
2026-04-07T18:16:38.607Z,1,2026-04-07T18:16:38.825Z,58,200,
2026-04-07T18:16:38.607Z,2,2026-04-07T18:16:38.832Z,55,200,
2026-04-07T18:16:38.607Z,3,2026-04-07T18:16:38.833Z,53,200,
2026-04-07T18:16:38.607Z,4,2026-04-07T18:16:38.833Z,51,200,
2026-04-07T18:16:38.607Z,5,2026-04-07T18:16:38.833Z,51,200,
2026-04-07T18:16:38.607Z,6,2026-04-07T18:16:38.834Z,52,200,
2026-04-07T18:16:38.607Z,7,2026-04-07T18:16:38.834Z,52,200,
2026-04-07T18:16:38.607Z,8,2026-04-07T18:16:38.834Z,47,200,
2026-04-07T18:16:38.607Z,9,2026-04-07T18:16:38.834Z,53,200,
2026-04-07T18:16:38.607Z,10,2026-04-07T18:16:38.834Z,51,200,
2026-04-07T18:16:38.607Z,11,2026-04-07T18:16:38.834Z,49,200,
2026-04-07T18:16:38.607Z,12,2026-04-07T18:16:38.834Z,52,200,
2026-04-07T18:16:38.607Z,13,2026-04-07T18:16:38.834Z,51,200,
2026-04-07T18:16:38.607Z,14,2026-04-07T18:16:38.834Z,51,200,
2026-04-07T18:16:38.607Z,15,2026-04-07T18:16:38.834Z,53,200,
2026-04-07T18:16:38.607Z,16,2026-04-07T18:16:38.834Z,49,200,
2026-04-07T18:16:38.607Z,17,2026-04-07T18:16:38.834Z,53,200,
2026-04-07T18:16:38.607Z,18,2026-04-07T18:16:38.835Z,52,200,
2026-04-07T18:16:38.607Z,19,2026-04-07T18:16:38.835Z,52,200,
2026-04-07T18:16:38.607Z,20,2026-04-07T18:16:38.835Z,52,200,
2026-04-07T18:16:38.607Z,21,2026-04-07T18:16:38.835Z,52,200,
2026-04-07T18:16:38.607Z,22,2026-04-07T18:16:38.835Z,52,200,
2026-04-07T18:16:38.607Z,23,2026-04-07T18:16:38.835Z,50,200,
2026-04-07T18:16:38.607Z,24,2026-04-07T18:16:38.835Z,52,200,
2026-04-07T18:16:38.607Z,25,2026-04-07T18:16:38.835Z,55,200,
2026-04-07T18:16:38.607Z,26,2026-04-07T18:16:38.835Z,54,200,
2026-04-07T18:16:38.607Z,27,2026-04-07T18:16:38.835Z,53,200,
2026-04-07T18:16:38.607Z,28,2026-04-07T18:16:38.835Z,54,200,
2026-04-07T18:16:38.607Z,29,2026-04-07T18:16:38.835Z,54,200,
2026-04-07T18:16:38.607Z,30,2026-04-07T18:16:38.835Z,54,200,
2026-04-07T18:16:38.607Z,31,2026-04-07T18:16:38.835Z,54,200,
2026-04-07T18:16:38.607Z,32,2026-04-07T18:16:38.835Z,54,200,
2026-04-07T18:16:38.607Z,33,2026-04-07T18:16:38.835Z,53,200,
2026-04-07T18:16:38.607Z,34,2026-04-07T18:16:38.835Z,53,200,
2026-04-07T18:16:38.607Z,35,2026-04-07T18:16:38.835Z,53,200,
2026-04-07T18:16:38.607Z,36,2026-04-07T18:16:38.835Z,54,200,
2026-04-07T18:16:38.607Z,37,2026-04-07T18:16:38.836Z,51,200,
2026-04-07T18:16:38.607Z,38,2026-04-07T18:16:38.836Z,52,200,
2026-04-07T18:16:38.607Z,39,2026-04-07T18:16:38.836Z,54,200,
2026-04-07T18:16:38.607Z,40,2026-04-07T18:16:38.836Z,53,200,
2026-04-07T18:16:38.607Z,41,2026-04-07T18:16:38.836Z,52,200,
2026-04-07T18:16:38.607Z,42,2026-04-07T18:16:38.836Z,53,200,
2026-04-07T18:16:38.607Z,43,2026-04-07T18:16:38.836Z,53,200,
2026-04-07T18:16:38.607Z,44,2026-04-07T18:16:38.836Z,53,200,
2026-04-07T18:16:38.607Z,45,2026-04-07T18:16:38.836Z,52,200,
2026-04-07T18:16:38.607Z,46,2026-04-07T18:16:38.836Z,52,200,
2026-04-07T18:16:38.607Z,47,2026-04-07T18:16:38.836Z,54,200,
2026-04-07T18:16:38.607Z,48,2026-04-07T18:16:38.836Z,54,200,
2026-04-07T18:16:38.607Z,49,2026-04-07T18:16:38.836Z,54,200,
2026-04-07T18:16:38.607Z,50,2026-04-07T18:16:38.836Z,54,200,
2026-04-07T18:18:17.321Z,1,2026-04-07T18:18:17.661Z,51,200,
2026-04-07T18:18:17.321Z,2,2026-04-07T18:18:17.667Z,47,200,
2026-04-07T18:18:17.321Z,3,2026-04-07T18:18:17.669Z,46,200,
2026-04-07T18:18:17.321Z,4,2026-04-07T18:18:17.669Z,44,200,
2026-04-07T18:18:17.321Z,5,2026-04-07T18:18:17.669Z,45,200,
2026-04-07T18:18:17.321Z,6,2026-04-07T18:18:17.669Z,46,200,
2026-04-07T18:18:17.321Z,7,2026-04-07T18:18:17.669Z,46,200,
2026-04-07T18:18:17.321Z,8,2026-04-07T18:18:17.669Z,45,200,
2026-04-07T18:18:17.321Z,9,2026-04-07T18:18:17.669Z,45,200,
2026-04-07T18:18:17.321Z,10,2026-04-07T18:18:17.670Z,46,200,
2026-04-07T18:18:17.321Z,11,2026-04-07T18:18:17.670Z,45,200,
2026-04-07T18:18:17.321Z,12,2026-04-07T18:18:17.670Z,46,200,
2026-04-07T18:18:17.321Z,13,2026-04-07T18:18:17.670Z,46,200,
2026-04-07T18:18:17.321Z,14,2026-04-07T18:18:17.670Z,46,200,
2026-04-07T18:18:17.321Z,15,2026-04-07T18:18:17.670Z,46,200,
2026-04-07T18:18:17.321Z,16,2026-04-07T18:18:17.670Z,46,200,
2026-04-07T18:18:17.321Z,17,2026-04-07T18:18:17.670Z,46,200,
2026-04-07T18:18:17.321Z,18,2026-04-07T18:18:17.670Z,46,200,
2026-04-07T18:18:17.321Z,19,2026-04-07T18:18:17.670Z,46,200,
2026-04-07T18:18:17.321Z,20,2026-04-07T18:18:17.670Z,46,200,
2026-04-07T18:18:17.321Z,21,2026-04-07T18:18:17.670Z,47,200,
2026-04-07T18:18:17.321Z,22,2026-04-07T18:18:17.671Z,46,200,
2026-04-07T18:18:17.321Z,23,2026-04-07T18:18:17.671Z,46,200,
2026-04-07T18:18:17.321Z,24,2026-04-07T18:18:17.671Z,46,200,
2026-04-07T18:18:17.321Z,25,2026-04-07T18:18:17.671Z,47,200,
2026-04-07T18:18:17.321Z,26,2026-04-07T18:18:17.671Z,46,200,
2026-04-07T18:18:17.321Z,27,2026-04-07T18:18:17.671Z,46,200,
2026-04-07T18:18:17.321Z,28,2026-04-07T18:18:17.671Z,47,200,
2026-04-07T18:18:17.321Z,29,2026-04-07T18:18:17.671Z,46,200,
2026-04-07T18:18:17.321Z,30,2026-04-07T18:18:17.671Z,47,200,
2026-04-07T18:18:17.321Z,31,2026-04-07T18:18:17.671Z,47,200,
2026-04-07T18:18:17.321Z,32,2026-04-07T18:18:17.671Z,47,200,
2026-04-07T18:18:17.321Z,33,2026-04-07T18:18:17.671Z,47,200,
2026-04-07T18:18:17.321Z,34,2026-04-07T18:18:17.671Z,47,200,
2026-04-07T18:18:17.321Z,35,2026-04-07T18:18:17.671Z,47,200,
2026-04-07T18:18:17.321Z,36,2026-04-07T18:18:17.671Z,48,200,
2026-04-07T18:18:17.321Z,37,2026-04-07T18:18:17.671Z,47,200,
2026-04-07T18:18:17.321Z,38,2026-04-07T18:18:17.671Z,47,200,
2026-04-07T18:18:17.321Z,39,2026-04-07T18:18:17.671Z,48,200,
2026-04-07T18:18:17.321Z,40,2026-04-07T18:18:17.671Z,47,200,
2026-04-07T18:18:17.321Z,41,2026-04-07T18:18:17.671Z,48,200,
2026-04-07T18:18:17.321Z,42,2026-04-07T18:18:17.672Z,47,200,
2026-04-07T18:18:17.321Z,43,2026-04-07T18:18:17.672Z,47,200,
2026-04-07T18:18:17.321Z,44,2026-04-07T18:18:17.672Z,47,200,
2026-04-07T18:18:17.321Z,45,2026-04-07T18:18:17.672Z,47,200,
2026-04-07T18:18:17.321Z,46,2026-04-07T18:18:17.672Z,47,200,
2026-04-07T18:18:17.321Z,47,2026-04-07T18:18:17.672Z,47,200,
2026-04-07T18:18:17.321Z,48,2026-04-07T18:18:17.672Z,47,200,
2026-04-07T18:18:17.321Z,49,2026-04-07T18:18:17.672Z,47,200,
2026-04-07T18:18:17.321Z,50,2026-04-07T18:18:17.672Z,47,200,
2026-04-07T18:18:22.624Z,1,2026-04-07T18:18:22.852Z,47,200,
2026-04-07T18:18:22.624Z,2,2026-04-07T18:18:22.858Z,44,200,
2026-04-07T18:18:22.624Z,3,2026-04-07T18:18:22.860Z,42,200,
2026-04-07T18:18:22.624Z,4,2026-04-07T18:18:22.860Z,40,200,
2026-04-07T18:18:22.624Z,5,2026-04-07T18:18:22.860Z,41,200,
2026-04-07T18:18:22.624Z,6,2026-04-07T18:18:22.860Z,40,200,
2026-04-07T18:18:22.624Z,7,2026-04-07T18:18:22.860Z,37,200,
2026-04-07T18:18:22.624Z,8,2026-04-07T18:18:22.861Z,39,200,
2026-04-07T18:18:22.624Z,9,2026-04-07T18:18:22.861Z,40,200,
2026-04-07T18:18:22.624Z,10,2026-04-07T18:18:22.861Z,40,200,
2026-04-07T18:18:22.624Z,11,2026-04-07T18:18:22.861Z,40,200,
2026-04-07T18:18:22.624Z,12,2026-04-07T18:18:22.861Z,41,200,
2026-04-07T18:18:22.624Z,13,2026-04-07T18:18:22.861Z,41,200,
2026-04-07T18:18:22.624Z,14,2026-04-07T18:18:22.861Z,40,200,
2026-04-07T18:18:22.624Z,15,2026-04-07T18:18:22.861Z,39,200,
2026-04-07T18:18:22.624Z,16,2026-04-07T18:18:22.861Z,41,200,
2026-04-07T18:18:22.624Z,17,2026-04-07T18:18:22.861Z,42,200,
2026-04-07T18:18:22.624Z,18,2026-04-07T18:18:22.861Z,41,200,
2026-04-07T18:18:22.624Z,19,2026-04-07T18:18:22.862Z,40,200,
2026-04-07T18:18:22.624Z,20,2026-04-07T18:18:22.862Z,41,200,
2026-04-07T18:18:22.624Z,21,2026-04-07T18:18:22.862Z,40,200,
2026-04-07T18:18:22.624Z,22,2026-04-07T18:18:22.862Z,41,200,
2026-04-07T18:18:22.624Z,23,2026-04-07T18:18:22.862Z,42,200,
2026-04-07T18:18:22.624Z,24,2026-04-07T18:18:22.862Z,42,200,
2026-04-07T18:18:22.624Z,25,2026-04-07T18:18:22.862Z,40,200,
2026-04-07T18:18:22.624Z,26,2026-04-07T18:18:22.862Z,41,200,
2026-04-07T18:18:22.624Z,27,2026-04-07T18:18:22.862Z,41,200,
2026-04-07T18:18:22.624Z,28,2026-04-07T18:18:22.862Z,41,200,
2026-04-07T18:18:22.624Z,29,2026-04-07T18:18:22.862Z,41,200,
2026-04-07T18:18:22.624Z,30,2026-04-07T18:18:22.862Z,41,200,
2026-04-07T18:18:22.624Z,31,2026-04-07T18:18:22.862Z,41,200,
2026-04-07T18:18:22.624Z,32,2026-04-07T18:18:22.862Z,41,200,
2026-04-07T18:18:22.624Z,33,2026-04-07T18:18:22.862Z,40,200,
2026-04-07T18:18:22.624Z,34,2026-04-07T18:18:22.863Z,41,200,
2026-04-07T18:18:22.624Z,35,2026-04-07T18:18:22.863Z,40,200,
2026-04-07T18:18:22.624Z,36,2026-04-07T18:18:22.863Z,40,200,
2026-04-07T18:18:22.624Z,37,2026-04-07T18:18:22.863Z,41,200,
2026-04-07T18:18:22.624Z,38,2026-04-07T18:18:22.863Z,39,200,
2026-04-07T18:18:22.624Z,39,2026-04-07T18:18:22.863Z,41,200,
2026-04-07T18:18:22.624Z,40,2026-04-07T18:18:22.863Z,41,200,
2026-04-07T18:18:22.624Z,41,2026-04-07T18:18:22.863Z,41,200,
2026-04-07T18:18:22.624Z,42,2026-04-07T18:18:22.863Z,42,200,
2026-04-07T18:18:22.624Z,43,2026-04-07T18:18:22.863Z,41,200,
2026-04-07T18:18:22.624Z,44,2026-04-07T18:18:22.863Z,41,200,
2026-04-07T18:18:22.624Z,45,2026-04-07T18:18:22.863Z,41,200,
2026-04-07T18:18:22.624Z,46,2026-04-07T18:18:22.863Z,41,200,
2026-04-07T18:18:22.624Z,47,2026-04-07T18:18:22.863Z,42,200,
2026-04-07T18:18:22.624Z,48,2026-04-07T18:18:22.863Z,42,200,
2026-04-07T18:18:22.624Z,49,2026-04-07T18:18:22.863Z,41,200,
2026-04-07T18:18:22.624Z,50,2026-04-07T18:18:22.863Z,41,200,
2026-04-07T18:18:29.355Z,1,2026-04-07T18:18:29.570Z,50,200,
2026-04-07T18:18:29.355Z,2,2026-04-07T18:18:29.576Z,47,200,
2026-04-07T18:18:29.355Z,3,2026-04-07T18:18:29.578Z,44,200,
2026-04-07T18:18:29.355Z,4,2026-04-07T18:18:29.578Z,45,200,
2026-04-07T18:18:29.355Z,5,2026-04-07T18:18:29.578Z,45,200,
2026-04-07T18:18:29.355Z,6,2026-04-07T18:18:29.578Z,46,200,
2026-04-07T18:18:29.355Z,7,2026-04-07T18:18:29.578Z,45,200,
2026-04-07T18:18:29.355Z,8,2026-04-07T18:18:29.578Z,46,200,
2026-04-07T18:18:29.355Z,9,2026-04-07T18:18:29.578Z,46,200,
2026-04-07T18:18:29.355Z,10,2026-04-07T18:18:29.579Z,44,200,
2026-04-07T18:18:29.355Z,11,2026-04-07T18:18:29.579Z,43,200,
2026-04-07T18:18:29.355Z,12,2026-04-07T18:18:29.579Z,45,200,
2026-04-07T18:18:29.355Z,13,2026-04-07T18:18:29.579Z,45,200,
2026-04-07T18:18:29.355Z,14,2026-04-07T18:18:29.579Z,45,200,
2026-04-07T18:18:29.355Z,15,2026-04-07T18:18:29.579Z,46,200,
2026-04-07T18:18:29.355Z,16,2026-04-07T18:18:29.579Z,45,200,
2026-04-07T18:18:29.355Z,17,2026-04-07T18:18:29.579Z,45,200,
2026-04-07T18:18:29.355Z,18,2026-04-07T18:18:29.579Z,45,200,
2026-04-07T18:18:29.355Z,19,2026-04-07T18:18:29.579Z,46,200,
2026-04-07T18:18:29.355Z,20,2026-04-07T18:18:29.579Z,45,200,
2026-04-07T18:18:29.355Z,21,2026-04-07T18:18:29.579Z,46,200,
2026-04-07T18:18:29.355Z,22,2026-04-07T18:18:29.579Z,46,200,
2026-04-07T18:18:29.355Z,23,2026-04-07T18:18:29.579Z,46,200,
2026-04-07T18:18:29.355Z,24,2026-04-07T18:18:29.580Z,45,200,
2026-04-07T18:18:29.355Z,25,2026-04-07T18:18:29.580Z,45,200,
2026-04-07T18:18:29.355Z,26,2026-04-07T18:18:29.580Z,45,200,
2026-04-07T18:18:29.355Z,27,2026-04-07T18:18:29.580Z,45,200,
2026-04-07T18:18:29.355Z,28,2026-04-07T18:18:29.580Z,46,200,
2026-04-07T18:18:29.355Z,29,2026-04-07T18:18:29.580Z,45,200,
2026-04-07T18:18:29.355Z,30,2026-04-07T18:18:29.580Z,46,200,
2026-04-07T18:18:29.355Z,31,2026-04-07T18:18:29.580Z,46,200,
2026-04-07T18:18:29.355Z,32,2026-04-07T18:18:29.580Z,46,200,
2026-04-07T18:18:29.355Z,33,2026-04-07T18:18:29.580Z,46,200,
2026-04-07T18:18:29.355Z,34,2026-04-07T18:18:29.580Z,46,200,
2026-04-07T18:18:29.355Z,35,2026-04-07T18:18:29.580Z,46,200,
2026-04-07T18:18:29.355Z,36,2026-04-07T18:18:29.580Z,46,200,
2026-04-07T18:18:29.355Z,37,2026-04-07T18:18:29.580Z,46,200,
2026-04-07T18:18:29.355Z,38,2026-04-07T18:18:29.580Z,47,200,
2026-04-07T18:18:29.355Z,39,2026-04-07T18:18:29.580Z,47,200,
2026-04-07T18:18:29.355Z,40,2026-04-07T18:18:29.580Z,47,200,
2026-04-07T18:18:29.355Z,41,2026-04-07T18:18:29.580Z,46,200,
2026-04-07T18:18:29.355Z,42,2026-04-07T18:18:29.580Z,47,200,
2026-04-07T18:18:29.355Z,43,2026-04-07T18:18:29.580Z,46,200,
2026-04-07T18:18:29.355Z,44,2026-04-07T18:18:29.580Z,46,200,
2026-04-07T18:18:29.355Z,45,2026-04-07T18:18:29.581Z,45,200,
2026-04-07T18:18:29.355Z,46,2026-04-07T18:18:29.581Z,46,200,
2026-04-07T18:18:29.355Z,47,2026-04-07T18:18:29.581Z,46,200,
2026-04-07T18:18:29.355Z,48,2026-04-07T18:18:29.581Z,46,200,
2026-04-07T18:18:29.355Z,49,2026-04-07T18:18:29.581Z,47,200,
2026-04-07T18:18:29.355Z,50,2026-04-07T18:18:29.581Z,46,200,
