run_started_at,request_id,idle_before_ms,started_at,ttfb_ms,status_code,error
2026-04-07T18:00:16.700Z,1,0,2026-04-07T18:00:17.044Z,72,200,
2026-04-07T18:00:16.700Z,2,30000,2026-04-07T18:00:47.129Z,16,200,
2026-04-07T18:00:16.700Z,3,30000,2026-04-07T18:01:17.159Z,9,200,
2026-04-07T18:00:16.700Z,4,30000,2026-04-07T18:01:47.173Z,18,200,
2026-04-07T18:00:16.700Z,5,30000,2026-04-07T18:02:17.204Z,16,200,
2026-04-07T18:00:16.700Z,6,30000,2026-04-07T18:02:47.227Z,15,200,
2026-04-07T18:00:16.700Z,7,30000,2026-04-07T18:03:17.254Z,6,200,
2026-04-07T18:00:16.700Z,8,30000,2026-04-07T18:03:47.265Z,9,200,
2026-04-07T18:00:16.700Z,9,30000,2026-04-07T18:04:17.279Z,7,200,
2026-04-07T18:00:16.700Z,10,30000,2026-04-07T18:04:47.347Z,9,200,
2026-04-07T18:05:14.766Z,1,0,2026-04-07T18:05:15.102Z,19,200,
2026-04-07T18:05:14.766Z,2,30000,2026-04-07T18:05:45.123Z,20,200,
2026-04-07T18:05:14.766Z,3,30000,2026-04-07T18:06:15.147Z,13,200,
2026-04-07T18:05:14.766Z,4,30000,2026-04-07T18:06:45.168Z,8,200,
2026-04-07T18:05:14.766Z,5,30000,2026-04-07T18:07:15.185Z,5,200,
2026-04-07T18:05:14.766Z,6,30000,2026-04-07T18:07:45.206Z,13,200,
2026-04-07T18:05:14.766Z,7,30000,2026-04-07T18:08:15.319Z,6,200,
2026-04-07T18:05:14.766Z,8,30000,2026-04-07T18:08:45.339Z,19,200,
2026-04-07T18:05:14.766Z,9,30000,2026-04-07T18:09:15.362Z,16,200,
2026-04-07T18:05:14.766Z,10,30000,2026-04-07T18:09:45.379Z,7,200,
2026-04-07T18:09:49.578Z,1,0,2026-04-07T18:09:49.902Z,14,200,
2026-04-07T18:09:49.578Z,2,30000,2026-04-07T18:10:19.922Z,15,200,
2026-04-07T18:09:49.578Z,3,30000,2026-04-07T18:10:49.940Z,9,200,
2026-04-07T18:09:49.578Z,4,30000,2026-04-07T18:11:19.959Z,14,200,
2026-04-07T18:09:49.578Z,5,30000,2026-04-07T18:11:49.987Z,17,200,
2026-04-07T18:09:49.578Z,6,30000,2026-04-07T18:12:20.014Z,5,200,
2026-04-07T18:09:49.578Z,7,30000,2026-04-07T18:12:50.022Z,8,200,
2026-04-07T18:09:49.578Z,8,30000,2026-04-07T18:13:20.033Z,7,200,
2026-04-07T18:09:49.578Z,9,30000,2026-04-07T18:13:50.052Z,7,200,
2026-04-07T18:09:49.578Z,10,30000,2026-04-07T18:14:20.063Z,38,200,
2026-04-07T18:14:24.278Z,1,0,2026-04-07T18:14:24.710Z,16,200,
2026-04-07T18:14:24.278Z,2,30000,2026-04-07T18:14:54.739Z,12,200,
2026-04-07T18:14:24.278Z,3,30000,2026-04-07T18:15:24.754Z,13,200,
2026-04-07T18:14:24.278Z,4,30000,2026-04-07T18:15:54.782Z,7,200,
2026-04-07T18:14:24.278Z,5,30000,2026-04-07T18:16:24.830Z,6,200,
2026-04-07T18:14:24.278Z,6,30000,2026-04-07T18:16:54.838Z,6,200,
2026-04-07T18:14:24.278Z,7,30000,2026-04-07T18:17:24.852Z,18,200,
2026-04-07T18:14:24.278Z,8,30000,2026-04-07T18:17:54.932Z,10,200,
2026-04-07T18:14:24.278Z,9,30000,2026-04-07T18:18:24.943Z,8,200,
2026-04-07T18:14:24.278Z,10,30000,2026-04-07T18:18:54.953Z,17,200,
2026-04-07T18:21:01.916Z,1,0,2026-04-07T18:21:02.256Z,18,200,
2026-04-07T18:21:01.916Z,2,30000,2026-04-07T18:21:32.477Z,14,200,
2026-04-07T18:21:01.916Z,3,30000,2026-04-07T18:22:02.724Z,11,200,
2026-04-07T18:21:01.916Z,4,30000,2026-04-07T18:22:32.740Z,7,200,
2026-04-07T18:21:01.916Z,5,30000,2026-04-07T18:23:02.971Z,11,200,
2026-04-07T18:21:01.916Z,6,30000,2026-04-07T18:23:32.987Z,9,200,
2026-04-07T18:21:01.916Z,7,30000,2026-04-07T18:24:03.000Z,6,200,
2026-04-07T18:21:01.916Z,8,30000,2026-04-07T18:24:33.015Z,13,200,
2026-04-07T18:21:01.916Z,9,30000,2026-04-07T18:25:03.034Z,12,200,
2026-04-07T18:21:01.916Z,10,30000,2026-04-07T18:25:33.139Z,6,200,
2026-04-07T18:26:43.992Z,1,0,2026-04-07T18:26:44.323Z,13,200,
2026-04-07T18:26:43.992Z,2,30000,2026-04-07T18:27:14.346Z,13,200,
2026-04-07T18:26:43.992Z,3,30000,2026-04-07T18:27:44.372Z,10,200,
2026-04-07T18:26:43.992Z,4,30000,2026-04-07T18:28:14.395Z,10,200,
2026-04-07T18:26:43.992Z,5,30000,2026-04-07T18:28:44.418Z,13,200,
2026-04-07T18:26:43.992Z,6,30000,2026-04-07T18:29:14.439Z,9,200,
2026-04-07T18:26:43.992Z,7,30000,2026-04-07T18:29:44.569Z,6,200,
2026-04-07T18:26:43.992Z,8,30000,2026-04-07T18:30:14.577Z,12,200,
2026-04-07T18:26:43.992Z,9,30000,2026-04-07T18:30:44.598Z,5,200,
2026-04-07T18:26:43.992Z,10,30000,2026-04-07T18:31:14.690Z,6,200,
2026-04-07T18:35:36.960Z,1,0,2026-04-07T18:35:37.299Z,14,200,
2026-04-07T18:35:36.960Z,2,30000,2026-04-07T18:36:07.317Z,11,200,
2026-04-07T18:35:36.960Z,3,30000,2026-04-07T18:36:37.344Z,7,200,
2026-04-07T18:35:36.960Z,4,30000,2026-04-07T18:37:07.366Z,11,200,
2026-04-07T18:35:36.960Z,5,30000,2026-04-07T18:37:37.389Z,12,200,
2026-04-07T18:35:36.960Z,6,30000,2026-04-07T18:38:07.404Z,8,200,
2026-04-07T18:35:36.960Z,7,30000,2026-04-07T18:38:37.420Z,5,200,
2026-04-07T18:35:36.960Z,8,30000,2026-04-07T18:39:07.440Z,6,200,
2026-04-07T18:35:36.960Z,9,30000,2026-04-07T18:39:37.457Z,6,200,
2026-04-07T18:35:36.960Z,10,30000,2026-04-07T18:40:07.473Z,7,200,
2026-04-07T18:41:06.051Z,1,0,2026-04-07T18:41:06.386Z,14,200,
2026-04-07T18:41:06.051Z,2,30000,2026-04-07T18:41:36.463Z,9,200,
2026-04-07T18:41:06.051Z,3,30000,2026-04-07T18:42:06.487Z,13,200,
2026-04-07T18:41:06.051Z,4,30000,2026-04-07T18:42:36.510Z,14,200,
2026-04-07T18:41:06.051Z,5,30000,2026-04-07T18:43:06.538Z,6,200,
2026-04-07T18:41:06.051Z,6,30000,2026-04-07T18:43:36.558Z,6,200,
2026-04-07T18:41:06.051Z,7,30000,2026-04-07T18:44:06.710Z,6,200,
2026-04-07T18:41:06.051Z,8,30000,2026-04-07T18:44:36.719Z,16,200,
2026-04-07T18:41:06.051Z,9,30000,2026-04-07T18:45:06.907Z,16,200,
2026-04-07T18:41:06.051Z,10,30000,2026-04-07T18:45:36.928Z,6,200,
2026-04-07T18:45:40.926Z,1,0,2026-04-07T18:45:41.278Z,14,200,
2026-04-07T18:45:40.926Z,2,30000,2026-04-07T18:46:11.299Z,8,200,
2026-04-07T18:45:40.926Z,3,30000,2026-04-07T18:46:41.314Z,6,200,
2026-04-07T18:45:40.926Z,4,30000,2026-04-07T18:47:11.331Z,6,200,
2026-04-07T18:45:40.926Z,5,30000,2026-04-07T18:47:41.441Z,6,200,
2026-04-07T18:45:40.926Z,6,30000,2026-04-07T18:48:11.460Z,8,200,
2026-04-07T18:45:40.926Z,7,30000,2026-04-07T18:48:41.577Z,6,200,
2026-04-07T18:45:40.926Z,8,30000,2026-04-07T18:49:11.593Z,5,200,
2026-04-07T18:45:40.926Z,9,30000,2026-04-07T18:49:41.599Z,7,200,
2026-04-07T18:45:40.926Z,10,30000,2026-04-07T18:50:11.649Z,10,200,
2026-04-07T18:50:30.879Z,1,0,2026-04-07T18:50:31.115Z,14,200,
2026-04-07T18:50:30.879Z,2,30000,2026-04-07T18:51:01.130Z,7,200,
2026-04-07T18:50:30.879Z,3,30000,2026-04-07T18:51:31.140Z,6,200,
2026-04-07T18:50:30.879Z,4,30000,2026-04-07T18:52:01.147Z,12,200,
2026-04-07T18:50:30.879Z,5,30000,2026-04-07T18:52:31.233Z,12,200,
2026-04-07T18:50:30.879Z,6,30000,2026-04-07T18:53:01.250Z,7,200,
2026-04-07T18:50:30.879Z,7,30000,2026-04-07T18:53:31.262Z,8,200,
2026-04-07T18:50:30.879Z,8,30000,2026-04-07T18:54:01.281Z,13,200,
2026-04-07T18:50:30.879Z,9,30000,2026-04-07T18:54:31.295Z,6,200,
2026-04-07T18:50:30.879Z,10,30000,2026-04-07T18:55:01.312Z,6,200,
